T***A,C****C,G****C,C*****C,G******G,Label
0.059817945,0.053385417,0.053385417,0.048239896,0.063968668,HOT
0.045454545,0.022801303,0.068403909,0.029411765,0.072131148,HOT
0.069164265,0.037572254,0.063583815,0.057971014,0.072674419,HOT
0.062130178,0.056379822,0.035608309,0.047619048,0.041791045,HOT
0.091346154,0.029836381,0.046198268,0.036608863,0.047251688,HOT
0.075757576,0.04400607,0.053110774,0.051671733,0.04870624,HOT
0.065130261,0.032096289,0.050150451,0.050200803,0.051256281,HOT
0.064785789,0.062728698,0.056978568,0.069560669,0.060701204,HOT
0.068047337,0.065281899,0.050445104,0.068452381,0.032835821,HOT
0.066852368,0.030726257,0.041899441,0.042016807,0.02247191,HOT
0.076481836,0.063157895,0.066028708,0.063218391,0.063279003,HOT
0.072992701,0.055707763,0.073059361,0.070383912,0.052150046,HOT
0.071428571,0.044077135,0.035812672,0.063535912,0.060941828,HOT
0.045180723,0.045317221,0.060422961,0.054545455,0.085106383,HOT
0.072916667,0.020876827,0.052192067,0.033472803,0.037735849,HOT
0.091803279,0.042763158,0.059210526,0.04290429,0.049668874,HOT
0.066,0.048096192,0.068136273,0.06626506,0.072434608,HOT
0.075324675,0.0703125,0.03125,0.07310705,0.034031414,HOT
0.081272085,0.057783019,0.038915094,0.06257379,0.029550827,HOT
0.071326676,0.057564225,0.049476689,0.050928129,0.040952381,HOT
0.074850299,0.049438202,0.050187266,0.045727136,0.058514629,HOT
0.073037127,0.049330085,0.043239951,0.042656917,0.06097561,HOT
0.071536524,0.045362903,0.051915323,0.051941503,0.038849647,HOT
0.048192771,0.077294686,0.04589372,0.08716707,0.036407767,HOT
0.082464455,0.070208729,0.069259962,0.07977208,0.040874525,HOT
0.092643052,0.038251366,0.019125683,0.046575342,0.063186813,HOT
0.070811744,0.032843561,0.051858254,0.039792388,0.078787879,HOT
0.07058402,0.052329749,0.053046595,0.061312298,0.045911047,HOT
0.056,0.062124248,0.066132265,0.082329317,0.030181087,HOT
0.061251664,0.025333333,0.054666667,0.040053405,0.050802139,HOT
0.08249497,0.040322581,0.040322581,0.046464646,0.032388664,HOT
0.076662144,0.05634759,0.064494229,0.075407609,0.042148199,HOT
0.078076202,0.0475,0.05,0.053783615,0.041927409,HOT
0.073333333,0.053511706,0.040133779,0.063758389,0.060606061,HOT
0.066277837,0.046153846,0.05729443,0.061571125,0.061072756,HOT
0.077319588,0.047291488,0.066208083,0.06454389,0.055124892,HOT
0.063777596,0.049918167,0.058919804,0.047502048,0.068852459,HOT
0.058461538,0.089506173,0.030864198,0.077399381,0.01242236,HOT
0.082271762,0.037961242,0.046190603,0.057886352,0.055776892,HOT
0.07676665,0.04069176,0.049338759,0.043256997,0.047861507,HOT
0.069494585,0.041553749,0.050587173,0.034358047,0.058823529,HOT
0.075471698,0.066162571,0.058601134,0.054924242,0.062618596,HOT
0.04137931,0.082949309,0.080645161,0.106235566,0.05787037,HOT
0.097660819,0.064365126,0.044470451,0.082552693,0.0228471,HOT
0.049180328,0.055441478,0.05338809,0.076131687,0.06185567,HOT
0.062874251,0.040959041,0.055944056,0.044,0.055055055,HOT
0.113564669,0.044303797,0.012658228,0.038095238,0.012738854,HOT
0.071917808,0.039158101,0.049437102,0.047012733,0.049975502,HOT
0.069607843,0.057899902,0.064769382,0.05697446,0.044247788,HOT
0.050131926,0.103174603,0.058201058,0.084880637,0.055851064,HOT
0.066878981,0.03514377,0.038338658,0.032051282,0.057877814,HOT
0.101639344,0.039473684,0.032894737,0.03630363,0.029801325,HOT
0.058383234,0.04197901,0.056971514,0.043543544,0.048120301,HOT
0.074257426,0.033057851,0.054545455,0.03807947,0.051409619,HOT
0.082840237,0.041543027,0.047477745,0.038690476,0.062686567,HOT
0.056338028,0.058823529,0.068235294,0.061320755,0.042553191,HOT
0.066160521,0.069489685,0.060803474,0.113043478,0.033732318,HOT
0.089071856,0.035205993,0.038202247,0.03898051,0.045011253,HOT
0.088495575,0.037401575,0.057086614,0.054187192,0.038461538,HOT
0.077217963,0.045479452,0.055890411,0.04495614,0.047174986,HOT
0.045016077,0.025806452,0.070967742,0.042071197,0.048701299,HOT
0.063278008,0.053997923,0.056074766,0.063409563,0.053069719,HOT
0.076311606,0.035003978,0.053301512,0.03343949,0.053386454,HOT
0.084577114,0.047808765,0.044820717,0.040877368,0.04491018,HOT
0.052023121,0.041968162,0.063675832,0.05942029,0.06095791,HOT
0.08356546,0.058659218,0.05027933,0.06442577,0.047752809,HOT
0.06961326,0.049778761,0.068584071,0.053156146,0.063192905,HOT
0.10591133,0.037037037,0.024691358,0.032178218,0.029776675,HOT
0.087099425,0.055921053,0.045230263,0.056790123,0.036243822,HOT
0.066006601,0.028901734,0.053674649,0.042975207,0.064516129,HOT
0.09375,0.053291536,0.021943574,0.031446541,0.034700315,HOT
0.075618375,0.065770863,0.055162659,0.064401982,0.050283286,HOT
0.068807339,0.050535988,0.062787136,0.049079755,0.073732719,HOT
0.050916497,0.042857143,0.069387755,0.071574642,0.032786885,HOT
0.097692064,0.034788109,0.038899431,0.034482759,0.038924051,HOT
0.072743208,0.049122807,0.063157895,0.049165935,0.04745167,HOT
0.094302554,0.037401575,0.061023622,0.043392505,0.04743083,HOT
0.083138173,0.025791325,0.038686987,0.044600939,0.042303173,HOT
0.070754717,0.067716535,0.045669291,0.066246057,0.037914692,HOT
0.089061971,0.031165312,0.046747967,0.036258895,0.043050847,HOT
0.080071174,0.055258467,0.03030303,0.069642857,0.008944544,HOT
0.067256637,0.046099291,0.033687943,0.055062167,0.040925267,HOT
0.069767442,0.070689655,0.077586207,0.076790336,0.03626943,HOT
0.090715048,0.032051282,0.052350427,0.02459893,0.037473233,HOT
0.046789989,0.072984749,0.064270153,0.091603053,0.056768559,HOT
0.070435589,0.028756957,0.045454545,0.032497679,0.040892193,HOT
0.067373202,0.05,0.056060606,0.061410159,0.048558422,HOT
0.071682044,0.046875,0.059659091,0.056147832,0.041963016,HOT
0.093126386,0.057713651,0.034406215,0.058888889,0.035595106,HOT
0.06744868,0.055882353,0.061764706,0.056047198,0.056213018,HOT
0.074525085,0.045808967,0.044346979,0.046806436,0.048292683,HOT
0.091027308,0.02734375,0.033854167,0.0273794,0.04308094,HOT
0.095238095,0.03465704,0.040433213,0.046242775,0.031091829,HOT
0.098991173,0.035962145,0.039116719,0.044823232,0.029058749,HOT
0.068117978,0.049191848,0.052705552,0.054149086,0.040816327,HOT
0.068619892,0.042438272,0.05941358,0.047876448,0.043276662,HOT
0.075194468,0.044982699,0.045847751,0.051082251,0.041594454,HOT
0.070556309,0.049558724,0.068567549,0.055706522,0.066621346,HOT
0.08373079,0.057264051,0.042417815,0.063660477,0.032908705,HOT
0.061728395,0.035846724,0.069221261,0.035891089,0.096654275,HOT
0.06185567,0.054263566,0.046511628,0.067357513,0.057142857,HOT
0.090296496,0.053981107,0.056680162,0.067567568,0.044654939,HOT
0.110679612,0.03307393,0.031128405,0.035087719,0.0625,HOT
0.067484663,0.048106448,0.060388946,0.054303279,0.043076923,HOT
0.083632019,0.031100478,0.038277512,0.037125749,0.035971223,HOT
0.0708278,0.06421612,0.050930027,0.081967213,0.03679078,HOT
0.08318264,0.047101449,0.028985507,0.038112523,0.04,HOT
0.090971272,0.039014374,0.041752225,0.037671233,0.053461275,HOT
0.100196464,0.013779528,0.035433071,0.021696252,0.07312253,HOT
0.077490775,0.051756007,0.033271719,0.066666667,0.031539889,HOT
0.077844311,0.038951311,0.045692884,0.044227886,0.03675919,HOT
0.069925743,0.058823529,0.053869969,0.072490706,0.042777433,HOT
0.058994197,0.033881897,0.058083253,0.045542636,0.052376334,HOT
0.080665813,0.03974359,0.035897436,0.041078306,0.035989717,HOT
0.060665362,0.046997389,0.067885117,0.061397779,0.062091503,HOT
0.079470199,0.050884956,0.039823009,0.039911308,0.044444444,HOT
0.074119827,0.05315204,0.057478368,0.059987631,0.055693069,HOT
0.063197026,0.064516129,0.064516129,0.069565217,0.055970149,HOT
0.075324675,0.0390625,0.03125,0.049608355,0.034031414,HOT
0.065306122,0.044959128,0.055858311,0.039563438,0.076502732,HOT
0.105538922,0.027715356,0.032209738,0.031484258,0.034508627,HOT
0.069017254,0.070570571,0.058558559,0.07513148,0.044360902,HOT
0.098360656,0.029850746,0.037313433,0.037369208,0.02245509,HOT
0.078600115,0.040183697,0.045350172,0.044227455,0.042528736,HOT
0.084554679,0.0496614,0.045146727,0.059887006,0.045248869,HOT
0.047052461,0.061688312,0.071969697,0.069842989,0.068255688,HOT
0.072874494,0.052738337,0.052738337,0.048780488,0.085539715,HOT
0.069544365,0.049219688,0.058823529,0.073317308,0.039711191,HOT
0.089758343,0.054147465,0.038018433,0.066897347,0.026558891,HOT
0.076388889,0.030162413,0.030162413,0.03255814,0.060606061,HOT
0.083478261,0.051044084,0.048143852,0.042948346,0.047619048,HOT
0.085409253,0.039215686,0.057040998,0.035714286,0.051878354,HOT
0.074418605,0.054347826,0.043478261,0.054432348,0.024922118,HOT
0.071169208,0.044331395,0.061773256,0.058181818,0.052401747,HOT
0.069546891,0.033755274,0.051687764,0.044350581,0.066596195,HOT
0.040697674,0.032069971,0.049562682,0.038011696,0.11143695,HOT
0.093373494,0.021148036,0.039274924,0.036363636,0.054711246,HOT
0.077094972,0.049189491,0.047512577,0.053691275,0.04812535,HOT
0.067357513,0.041522491,0.055363322,0.050259965,0.055555556,HOT
0.046920821,0.05,0.091176471,0.088495575,0.091715976,HOT
0.080553295,0.041530945,0.058631922,0.042379788,0.058727569,HOT
0.073643411,0.047834518,0.047834518,0.051099612,0.043365696,HOT
0.090760425,0.035188216,0.044189853,0.039312039,0.033606557,HOT
0.08698584,0.055330634,0.053981107,0.056043214,0.033108108,HOT
0.079434168,0.045751634,0.034858388,0.042529989,0.043668122,HOT
0.082,0.032064128,0.048096192,0.032128514,0.060362173,HOT
0.058608059,0.029411765,0.073529412,0.04797048,0.051851852,HOT
0.086477987,0.022047244,0.039370079,0.014195584,0.047393365,HOT
0.08535688,0.044182622,0.046391753,0.052321297,0.050147493,HOT
0.079822616,0.041420118,0.037721893,0.057735011,0.053333333,HOT
0.063845583,0.049777117,0.063893016,0.046096654,0.070684524,HOT
0.049418605,0.029154519,0.032069971,0.026315789,0.105571848,HOT
0.055408971,0.058201058,0.052910053,0.055702918,0.045212766,HOT
0.060518732,0.080924855,0.049132948,0.130434783,0.040697674,HOT
0.074418605,0.031431898,0.047729919,0.041958042,0.082847141,HOT
0.060362173,0.092741935,0.046370968,0.117171717,0.034412955,HOT
0.070294785,0.059090909,0.059090909,0.066059226,0.093607306,HOT
0.078335373,0.04592774,0.052663809,0.047181373,0.044144697,HOT
0.101010101,0.038267148,0.032490975,0.043352601,0.034707158,HOT
0.099337748,0.023255814,0.046511628,0.03,0.070234114,HOT
0.090191657,0.030474041,0.03724605,0.030508475,0.042986425,HOT
0.048076923,0.097913323,0.070626003,0.120578778,0.037037037,HOT
0.077936334,0.061538462,0.036263736,0.061606161,0.036343612,HOT
0.067251462,0.052682927,0.064390244,0.063476563,0.057673509,HOT
0.058177827,0.064835165,0.07032967,0.097909791,0.053964758,HOT
0.071574642,0.06345957,0.039918117,0.084016393,0.038974359,HOT
0.055459272,0.060763889,0.055555556,0.04,0.071428571,HOT
0.073047859,0.046218487,0.047058824,0.040370059,0.062289562,HOT
0.088016249,0.032520325,0.035230352,0.035254237,0.035956581,HOT
0.095238095,0.046153846,0.052307692,0.049306626,0.035493827,HOT
0.086353123,0.043981481,0.054012346,0.050965251,0.040185471,HOT
0.093841642,0.032352941,0.026470588,0.05899705,0.032544379,HOT
0.065815984,0.053763441,0.057123656,0.058507061,0.051144011,HOT
0.083976007,0.042881647,0.045454545,0.046351931,0.052405498,HOT
0.07312253,0.097029703,0.045544554,0.103174603,0.029821074,HOT
0.089632107,0.035475234,0.045515395,0.038847957,0.036193029,HOT
0.076973255,0.039817232,0.039164491,0.03069889,0.040522876,HOT
0.069414317,0.052117264,0.046688382,0.036956522,0.055495103,HOT
0.09021601,0.039440204,0.049618321,0.040764331,0.035714286,HOT
0.099710983,0.026049204,0.040520984,0.034782609,0.040638607,HOT
0.063492063,0.06374502,0.035856574,0.056,0.060240964,HOT
0.07184466,0.042801556,0.046692607,0.054580897,0.04296875,HOT
0.052631579,0.048351648,0.061538462,0.04845815,0.055187638,HOT
0.080378251,0.087677725,0.052132701,0.057007126,0.026190476,HOT
0.063674322,0.045977011,0.056426332,0.060669456,0.048167539,HOT
0.079447323,0.032843561,0.053586863,0.044982699,0.063203463,HOT
0.085648148,0.050376375,0.047481181,0.053881808,0.045797101,HOT
0.066184074,0.053285049,0.062079669,0.061594203,0.05592957,HOT
0.062686567,0.05988024,0.047904192,0.054054054,0.039156627,HOT
0.077777778,0.036565978,0.054054054,0.041401274,0.057416268,HOT
0.085501859,0.052093023,0.04744186,0.04283054,0.04193849,HOT
0.088,0.032258065,0.048387097,0.032520325,0.016393443,HOT
0.09221128,0.034050179,0.041218638,0.046636771,0.035906643,HOT
0.07706422,0.038602941,0.060661765,0.068139963,0.033210332,HOT
0.0680138,0.039940828,0.056213018,0.046373952,0.061697927,HOT
0.09218203,0.053738318,0.037383178,0.052631579,0.029274005,HOT
0.10960961,0.021052632,0.02556391,0.021084337,0.037707391,HOT
0.075757576,0.039045553,0.067245119,0.069565217,0.047930283,HOT
0.065959953,0.04009434,0.051886792,0.036599764,0.06855792,HOT
0.064368981,0.055780933,0.062880325,0.054287164,0.046192893,HOT
0.097276265,0.05859375,0.05078125,0.066666667,0.059055118,HOT
0.072580645,0.028340081,0.052631579,0.048780488,0.065306122,HOT
0.082191781,0.043248945,0.051687764,0.033790919,0.053911205,HOT
0.086666667,0.055679287,0.042316258,0.051339286,0.058165548,HOT
0.082687339,0.031034483,0.037931034,0.030198447,0.035405872,HOT
0.084313725,0.039241334,0.054283846,0.045157068,0.05697446,HOT
0.098039216,0.02559727,0.040102389,0.029035013,0.041025641,HOT
0.083900227,0.045454545,0.045454545,0.061503417,0.029680365,HOT
0.065824468,0.089820359,0.052561544,0.098535286,0.031978681,HOT
0.091922006,0.039106145,0.036312849,0.036414566,0.050561798,HOT
0.086372361,0.032692308,0.044230769,0.02504817,0.052123552,HOT
0.074242424,0.053110774,0.050075873,0.056231003,0.070015221,HOT
0.069522736,0.048496241,0.045864662,0.045505829,0.054176072,HOT
0.073891626,0.051408451,0.048591549,0.063424947,0.050070522,HOT
0.057061341,0.065714286,0.06,0.070100143,0.045845272,HOT
0.072636816,0.048804781,0.053784861,0.049850449,0.043912176,HOT
0.085294118,0.073746313,0.01179941,0.088757396,0.002967359,HOT
0.083135392,0.038095238,0.030952381,0.038186158,0.043062201,HOT
0.04867872,0.064022269,0.070285317,0.087047354,0.057142857,HOT
0.090230665,0.040054311,0.040733198,0.047554348,0.030591434,HOT
0.089347079,0.030945559,0.053295129,0.043577982,0.053930006,HOT
0.041262136,0.065693431,0.03406326,0.070731707,0.036674817,HOT
0.051428571,0.088825215,0.040114613,0.083333333,0.025936599,HOT
0.08,0.061688312,0.067099567,0.056338028,0.053145336,HOT
0.095607235,0.031034483,0.035344828,0.037963762,0.043177893,HOT
0.079974408,0.032010243,0.042253521,0.037155669,0.056410256,HOT
0.08553017,0.032825322,0.042203986,0.037536657,0.045187793,HOT
0.067718353,0.083525789,0.051193226,0.117443204,0.025038521,HOT
0.070344828,0.05801105,0.052486188,0.060857538,0.03601108,HOT
0.065346535,0.083333333,0.05952381,0.081510934,0.057768924,HOT
0.071935157,0.04158215,0.04969574,0.039593909,0.046747967,HOT
0.068347711,0.046480744,0.062416999,0.048504983,0.055851064,HOT
0.084532374,0.034234234,0.059459459,0.032490975,0.047016275,HOT
0.059354839,0.052971576,0.043927649,0.06080207,0.045336788,HOT
0.053367217,0.072519084,0.063613232,0.089171975,0.053571429,HOT
0.077658303,0.049043062,0.062200957,0.050299401,0.047961631,HOT
0.067010309,0.040114613,0.049283668,0.044151376,0.063683305,HOT
0.068722467,0.047619048,0.058201058,0.054721977,0.054770318,HOT
0.081162932,0.041818182,0.048484848,0.04548211,0.044902913,HOT
0.069935691,0.037007241,0.049074819,0.041062802,0.065269944,HOT
0.056774194,0.052971576,0.069767442,0.06080207,0.079015544,HOT
0.07704918,0.034454471,0.039376538,0.042692939,0.045193098,HOT
0.102952913,0.051916933,0.040734824,0.058353317,0.028,HOT
0.062959935,0.048281506,0.069558101,0.061425061,0.045901639,HOT
0.084981685,0.0271261,0.041055718,0.032281731,0.038179148,HOT
0.080808081,0.033783784,0.060810811,0.061016949,0.047619048,HOT
0.071428571,0.040272263,0.045377198,0.056753689,0.043725156,HOT
0.058139535,0.042801556,0.058365759,0.06640625,0.035294118,HOT
0.063694268,0.073482428,0.063897764,0.076923077,0.061093248,HOT
0.067010309,0.056847545,0.062015504,0.062176166,0.044155844,HOT
0.076484947,0.03990228,0.063517915,0.0399348,0.07177814,HOT
0.077817079,0.04752275,0.053589484,0.044511887,0.053137652,HOT
0.084066471,0.039138943,0.03816047,0.032321254,0.042156863,HOT
0.080255682,0.029140014,0.042643923,0.036273115,0.050533808,HOT
0.084468665,0.06284153,0.038251366,0.057534247,0.046703297,HOT
0.054750403,0.059677419,0.053225806,0.079159935,0.053398058,HOT
0.070726916,0.053149606,0.045275591,0.059171598,0.037549407,HOT
0.089005236,0.033542977,0.028301887,0.032528856,0.036764706,HOT
0.084061135,0.036065574,0.03715847,0.032822757,0.04162103,HOT
0.084840056,0.04735376,0.045961003,0.043235704,0.05027933,HOT
0.081749049,0.04567079,0.046622265,0.048571429,0.05815062,HOT
0.064317181,0.040564374,0.05026455,0.05560459,0.067137809,HOT
0.10137457,0.016337059,0.027515047,0.032702238,0.042204996,HOT
0.057177616,0.073081608,0.063337393,0.102439024,0.035409035,HOT
0.092682927,0.036115178,0.034651049,0.033691406,0.051783097,HOT
0.090178571,0.038427167,0.028596962,0.041144902,0.034914951,HOT
0.075654152,0.03471827,0.047239613,0.035876993,0.047293447,HOT
0.064474533,0.047096774,0.061290323,0.058102001,0.044573643,HOT
0.069306931,0.076033058,0.038016529,0.074503311,0.031509121,HOT
0.073102156,0.05065666,0.055347092,0.067605634,0.034774436,HOT
0.06043956,0.055096419,0.044077135,0.091160221,0.022160665,HOT
0.068169014,0.040022548,0.057497182,0.040045121,0.075620767,HOT
0.067099567,0.052060738,0.05856833,0.069565217,0.039215686,HOT
0.057197331,0.051526718,0.05629771,0.049665712,0.06500956,HOT
0.088426528,0.041666667,0.057291667,0.048239896,0.037859008,HOT
0.049465241,0.073627845,0.076305221,0.077747989,0.080536913,HOT
0.066037736,0.045669291,0.044094488,0.056782334,0.045813586,HOT
0.06551889,0.05645933,0.055502392,0.057443753,0.056034483,HOT
0.083074534,0.04040404,0.048174048,0.053654743,0.036575875,HOT
0.097402597,0.048859935,0.016286645,0.026143791,0.016393443,HOT
0.07,0.062656642,0.065162907,0.092964824,0.0302267,HOT
0.062367865,0.034920635,0.043386243,0.041313559,0.053022269,HOT
0.060029283,0.042521994,0.070381232,0.04845815,0.063235294,HOT
0.065561417,0.052790347,0.061085973,0.056603774,0.045317221,HOT
0.066919192,0.07079646,0.039190898,0.134177215,0.022813688,HOT
0.048991354,0.054913295,0.072254335,0.084057971,0.069767442,HOT
0.090062112,0.043613707,0.049844237,0.040625,0.05015674,HOT
0.078770413,0.058625661,0.045170591,0.057692308,0.044733045,HOT
0.051526718,0.066921606,0.06500956,0.090038314,0.053742802,HOT
0.071326676,0.051428571,0.064285714,0.052932761,0.061604585,HOT
0.074231177,0.044585987,0.054140127,0.049946865,0.055319149,HOT
0.056265985,0.053846154,0.058974359,0.066838046,0.043814433,HOT
0.080434783,0.042958129,0.051114736,0.044069641,0.063146434,HOT
0.067873303,0.048338369,0.048338369,0.039334342,0.062121212,HOT
0.078488372,0.020408163,0.034985423,0.01754386,0.035190616,HOT
0.06937799,0.038369305,0.035971223,0.038461538,0.057831325,HOT
0.063781321,0.051311288,0.072976055,0.0456621,0.060571429,HOT
0.083743842,0.022222222,0.039506173,0.027227723,0.05707196,HOT
0.061650993,0.085729221,0.057501307,0.106694561,0.05285191,HOT
0.073791349,0.042444822,0.044991511,0.033135089,0.06377551,HOT
0.075801749,0.02919708,0.055474453,0.039473684,0.054172767,HOT
0.055555556,0.11136891,0.053364269,0.08372093,0.034965035,HOT
0.075376884,0.048657718,0.053691275,0.050420168,0.053872054,HOT
0.056421279,0.075806452,0.061290323,0.088219473,0.044133477,HOT
0.054474708,0.055617353,0.062847608,0.07345576,0.065701559,HOT
0.075949367,0.025362319,0.038043478,0.036297641,0.043636364,HOT
0.093294461,0.045255474,0.026277372,0.042397661,0.033674963,HOT
0.082020997,0.035456336,0.047931714,0.031537451,0.044707429,HOT
0.047400612,0.044410413,0.065849923,0.052147239,0.089093702,HOT
0.073906486,0.033232628,0.043806647,0.024205749,0.062121212,HOT
0.108213097,0.021654636,0.02665186,0.023333333,0.02668149,HOT
0.075617284,0.063369397,0.037094281,0.063467492,0.043410853,HOT
0.097560976,0.032908705,0.040339703,0.035069075,0.030851064,HOT
0.079739626,0.038273616,0.052117264,0.049714751,0.045676998,HOT
0.084522503,0.025274725,0.043956044,0.03080308,0.044052863,HOT
0.094986807,0.031746032,0.03968254,0.026525199,0.042553191,HOT
0.097389558,0.03718593,0.038190955,0.035211268,0.027190332,HOT
0.08847032,0.033695031,0.037121645,0.041714286,0.045740423,HOT
0.065957447,0.091684435,0.059701493,0.079059829,0.027837259,HOT
0.079147641,0.025914634,0.048780488,0.035114504,0.055045872,HOT
0.064935065,0.039087948,0.042345277,0.071895425,0.032786885,HOT
0.042929293,0.063211125,0.07079646,0.06835443,0.057034221,HOT
0.067114094,0.047297297,0.013513514,0.047619048,0.034246575,HOT
0.052631579,0.052738337,0.068965517,0.077235772,0.057026477,HOT
0.054,0.052104208,0.06012024,0.032128514,0.06639839,HOT
0.073398388,0.03820034,0.043718166,0.03566879,0.046728972,HOT
0.076331361,0.06098283,0.051509769,0.082345972,0.029045643,HOT
0.055214724,0.052200614,0.058341863,0.053278689,0.057435897,HOT
0.07960199,0.028215768,0.049792531,0.03820598,0.058187864,HOT
0.066393443,0.041837572,0.049220673,0.068144499,0.041084634,HOT
0.056265985,0.044368601,0.052901024,0.06233988,0.043589744,HOT
0.089223638,0.059164733,0.041763341,0.069686411,0.018604651,HOT
0.036666667,0.066889632,0.046822742,0.060402685,0.057239057,HOT
0.086349206,0.044472681,0.045743329,0.038779402,0.036259542,HOT
0.074742268,0.098191214,0.049095607,0.085492228,0.033766234,HOT
0.068047337,0.083086053,0.047477745,0.077380952,0.059701493,HOT
0.0875,0.034482759,0.053291536,0.040880503,0.022082019,HOT
0.057427259,0.057471264,0.068965517,0.060582822,0.057559478,HOT
0.090586146,0.046222222,0.048,0.040925267,0.054318789,HOT
0.077170418,0.061290323,0.025806452,0.067961165,0.032467532,HOT
0.079651525,0.037982565,0.046699875,0.038006231,0.054862843,HOT
0.064543168,0.046979866,0.056208054,0.070528967,0.039495798,HOT
0.082125604,0.037484885,0.045949214,0.033898305,0.063030303,HOT
0.04973822,0.073490814,0.078740157,0.076315789,0.055408971,HOT
0.076530612,0.046808511,0.053617021,0.066439523,0.04859335,HOT
0.083333333,0.047109208,0.029978587,0.06223176,0.049462366,HOT
0.085522297,0.037286064,0.034229829,0.03853211,0.045899633,HOT
0.066969353,0.088636364,0.054545455,0.117178612,0.035307517,HOT
0.073972603,0.031550069,0.057613169,0.052197802,0.057771664,HOT
0.046849758,0.05982215,0.068714632,0.072006472,0.065587045,HOT
0.064864865,0.046536797,0.048701299,0.063921993,0.055314534,HOT
0.098576123,0.023026316,0.032894737,0.030735456,0.040659341,HOT
0.09470124,0.03724605,0.039503386,0.038418079,0.037330317,HOT
0.071672355,0.029059829,0.054700855,0.054794521,0.04974271,HOT
0.066878981,0.041533546,0.054313099,0.038461538,0.045016077,HOT
0.059636992,0.05793342,0.055771725,0.065743945,0.041540459,HOT
0.079345088,0.021437579,0.04035309,0.026515152,0.0505689,HOT
0.080272109,0.053133515,0.055858311,0.058663029,0.034153005,HOT
0.093813732,0.040816327,0.049659864,0.041524847,0.041553134,HOT
0.079516539,0.035009548,0.050286442,0.040127389,0.040152964,HOT
0.072715573,0.06181584,0.052157115,0.088273196,0.032237266,HOT
0.043981481,0.030162413,0.053364269,0.041860465,0.083916084,HOT
0.067857143,0.068620443,0.045032166,0.102288984,0.03722262,HOT
0.072150072,0.036101083,0.048375451,0.045520231,0.041214751,HOT
0.091097308,0.026970954,0.041493776,0.043659044,0.045833333,HOT
0.092798812,0.043090639,0.049034175,0.058736059,0.037946429,HOT
0.074626866,0.049558724,0.05838425,0.063179348,0.050985724,HOT
0.107255521,0.022151899,0.050632911,0.028571429,0.038216561,HOT
0.08,0.062656642,0.060150376,0.075376884,0.042821159,HOT
0.062189055,0.052303861,0.067247821,0.051122195,0.059925094,HOT
0.067407407,0.063750927,0.059303188,0.060089021,0.053452116,HOT
0.084791386,0.04983165,0.034343434,0.071428571,0.029669589,HOT
0.09451946,0.02782194,0.043720191,0.037390613,0.068471338,HOT
0.090145149,0.025993884,0.035168196,0.017597552,0.057427259,HOT
0.082437276,0.039454806,0.048063128,0.045944006,0.056034483,HOT
0.095389507,0.031013917,0.03499006,0.030628481,0.033028253,HOT
0.083823529,0.027982327,0.041237113,0.038348083,0.047267356,HOT
0.054857143,0.068649886,0.060640732,0.069873998,0.050458716,HOT
0.077235772,0.022380468,0.037639878,0.026476578,0.057084608,HOT
0.082474227,0.030954428,0.040412726,0.033562823,0.03875969,HOT
0.069230769,0.056785371,0.050048123,0.05105973,0.041465767,HOT
0.056105611,0.036363636,0.066115702,0.061258278,0.064676617,HOT
0.068152031,0.044619423,0.04855643,0.042049934,0.067105263,HOT
0.066605839,0.052968037,0.061187215,0.049360146,0.070448307,HOT
0.077216397,0.052480916,0.047709924,0.055396371,0.035372849,HOT
0.065116279,0.057453416,0.052795031,0.077760498,0.040498442,HOT
0.077745384,0.050583658,0.043774319,0.041869523,0.046783626,HOT
0.074313409,0.052546483,0.043654002,0.050161812,0.039676113,HOT
0.075819672,0.039014374,0.063655031,0.049382716,0.068041237,HOT
0.06445993,0.087260035,0.078534031,0.090909091,0.050788091,HOT
0.080071174,0.04456328,0.049910873,0.051785714,0.041144902,HOT
0.046703297,0.090909091,0.079889807,0.096685083,0.022160665,HOT
0.051111111,0.236080178,0.008908686,0.270089286,0.002237136,HOT
0.097633136,0.031589339,0.027640671,0.040513834,0.047477745,HOT
0.062181448,0.040816327,0.059183673,0.045965271,0.063394683,HOT
0.078350515,0.055785124,0.045454545,0.062111801,0.041493776,HOT
0.057858377,0.07346586,0.062229905,0.080449827,0.058874459,HOT
0.086353123,0.048611111,0.054012346,0.057915058,0.044049459,HOT
0.068167985,0.049330085,0.052984166,0.043875686,0.072560976,HOT
0.060200669,0.023450586,0.043551089,0.072147651,0.03697479,HOT
0.079044118,0.034958602,0.040478381,0.047882136,0.056221198,HOT
0.073001159,0.035962877,0.047563805,0.036004646,0.055813953,HOT
0.09054326,0.058467742,0.036290323,0.080808081,0.030364372,HOT
0.057761733,0.04968383,0.062330623,0.067811935,0.050678733,HOT
0.086021505,0.05387931,0.058189655,0.051835853,0.047619048,HOT
0.056680162,0.085192698,0.042596349,0.069105691,0.050916497,HOT
0.086429725,0.036378335,0.048504446,0.050161812,0.029149798,HOT
0.071762871,0.053125,0.0703125,0.048513302,0.053291536,HOT
0.094967532,0.022745735,0.043866775,0.034146341,0.051261188,HOT
0.0775428,0.04233871,0.05141129,0.059535822,0.042424242,HOT
0.071819842,0.046894032,0.052984166,0.051797684,0.054878049,HOT
0.065880039,0.039370079,0.058070866,0.061083744,0.069033531,HOT
0.056878307,0.062251656,0.062251656,0.074270557,0.061088977,HOT
0.06875,0.078369906,0.02507837,0.100628931,0.041009464,HOT
0.102505695,0.043329532,0.041049031,0.070776256,0.032,HOT
0.080108359,0.042198993,0.044909021,0.047250194,0.053467648,HOT
0.089485459,0.044843049,0.053811659,0.047191011,0.058558559,HOT
0.09312781,0.039845758,0.035347044,0.034726688,0.038610039,HOT
0.085106383,0.040075141,0.040075141,0.045739348,0.043260188,HOT
0.088578089,0.053738318,0.060747664,0.070257611,0.035211268,HOT
0.070628768,0.060344828,0.057758621,0.060396894,0.056131261,HOT
0.065804935,0.083529412,0.051764706,0.089517079,0.04245283,HOT
0.085508551,0.046846847,0.047747748,0.04418395,0.038808664,HOT
0.054871221,0.044843049,0.060538117,0.037037037,0.075280899,HOT
0.045751634,0.054585153,0.06768559,0.072210066,0.067982456,HOT
0.060882801,0.032012195,0.053353659,0.038167939,0.056574924,HOT
0.053702197,0.054560261,0.060260586,0.066829666,0.061174551,HOT
0.066889632,0.046901173,0.05360134,0.025167785,0.068907563,HOT
0.064194009,0.062857143,0.05,0.060085837,0.064469914,HOT
0.103311258,0.022531478,0.033797217,0.024535809,0.04180491,HOT
0.066225166,0.033167496,0.056384743,0.058139535,0.06156406,HOT
0.046890928,0.048979592,0.080612245,0.063329928,0.110429448,HOT
0.054078827,0.059633028,0.057798165,0.076216713,0.041360294,HOT
0.046277666,0.0625,0.078629032,0.072727273,0.078947368,HOT
0.088866865,0.043621943,0.03602115,0.049586777,0.035714286,HOT
0.069900143,0.04880137,0.054223744,0.059377676,0.033695031,HOT
0.074002574,0.052157115,0.045717965,0.06443299,0.030947776,HOT
0.08033241,0.023578363,0.048543689,0.034722222,0.050069541,HOT
0.07337884,0.032478632,0.046153846,0.032534247,0.061749571,HOT
0.073604061,0.050890585,0.055979644,0.076530612,0.040920716,HOT
0.105147864,0.029041096,0.031232877,0.027960526,0.046077894,HOT
0.084306096,0.027255029,0.045425049,0.042857143,0.046783626,HOT
0.079365079,0.035117057,0.050167224,0.045188285,0.045226131,HOT
0.089142857,0.033180778,0.030892449,0.024054983,0.029816514,HOT
0.079503106,0.02921069,0.042883779,0.043532338,0.054138146,HOT
0.046439628,0.043478261,0.049689441,0.052959502,0.046875,HOT
0.085646781,0.037825059,0.050827423,0.037256062,0.050295858,HOT
0.059016393,0.032894737,0.059210526,0.0330033,0.082781457,HOT
0.056650246,0.061728395,0.07654321,0.079207921,0.089330025,HOT
0.073422958,0.045548654,0.043478261,0.051813472,0.043568465,HOT
0.056603774,0.068728522,0.068728522,0.072289157,0.060344828,HOT
0.081032947,0.043672014,0.063279857,0.074041035,0.048214286,HOT
0.069990412,0.046065259,0.064299424,0.048991354,0.060576923,HOT
0.066322136,0.048275862,0.063793103,0.059534081,0.034542314,HOT
0.076049943,0.045454545,0.047727273,0.061433447,0.044419134,HOT
0.071840587,0.076075551,0.049317943,0.090813648,0.033088235,HOT
0.064267352,0.06432247,0.048885077,0.052360515,0.038659794,HOT
0.075757576,0.041214751,0.065075922,0.056521739,0.043572985,HOT
0.060661765,0.040515654,0.064456722,0.064575646,0.038817006,HOT
0.096,0.03851926,0.04052026,0.037037037,0.039559339,HOT
0.070809249,0.060781476,0.041968162,0.073913043,0.027576197,HOT
0.061396777,0.053763441,0.059907834,0.055342045,0.064615385,HOT
0.07515528,0.039776259,0.060907396,0.044776119,0.070939639,HOT
0.074792244,0.024965326,0.049930652,0.031944444,0.07093185,HOT
0.042424242,0.063732929,0.071320182,0.08662614,0.054794521,HOT
0.063157895,0.050065876,0.059288538,0.060686016,0.044914135,HOT
0.06167979,0.053841103,0.058437295,0.067017083,0.04799474,HOT
0.066413662,0.047528517,0.043726236,0.043809524,0.04389313,HOT
0.0625,0.035532995,0.054145516,0.028813559,0.076400679,HOT
0.078373016,0.030784508,0.040714995,0.027833002,0.04079602,HOT
0.062132662,0.039495798,0.061344538,0.070647603,0.063131313,HOT
0.084482759,0.031088083,0.037996546,0.024221453,0.062391681,HOT
0.076129032,0.072351421,0.051679587,0.087968952,0.038860104,HOT
0.076361595,0.034831461,0.052808989,0.041596402,0.051743532,HOT
0.081967213,0.101973684,0.036184211,0.128712871,0.009933775,HOT
0.064516129,0.035416667,0.058333333,0.051094891,0.041753653,HOT
0.094814815,0.031134173,0.042994811,0.03041543,0.043801039,HOT
0.035294118,0.071638862,0.089303238,0.100196464,0.072763029,HOT
0.082316119,0.037883532,0.039762054,0.042593173,0.039473684,COLD
0.07184466,0.019455253,0.040856031,0.023391813,0.06640625,COLD
0.095106551,0.031583103,0.035136202,0.031990521,0.035954168,COLD
0.106673961,0.032840722,0.023535851,0.027382256,0.032328767,COLD
0.070552147,0.04,0.046153846,0.037037037,0.034055728,COLD
0.09963548,0.034846029,0.03363047,0.05147953,0.03000811,COLD
0.084075173,0.027722772,0.043564356,0.026759167,0.060515873,COLD
0.082670906,0.030752916,0.037115589,0.024403183,0.047239915,COLD
0.082827167,0.029834254,0.03038674,0.033167496,0.042588496,COLD
0.092209857,0.037849873,0.035305344,0.037543748,0.040738383,COLD
0.079276174,0.039655172,0.040948276,0.047003019,0.040120794,COLD
0.084507042,0.046370968,0.036290323,0.044444444,0.052631579,COLD
0.084583902,0.049180328,0.046448087,0.058823529,0.042465753,COLD
0.067567568,0.046070461,0.040650407,0.038043478,0.035422343,COLD
0.09659931,0.030078895,0.040433925,0.030587074,0.046890424,COLD
0.088559483,0.036882129,0.031939163,0.039558768,0.028158295,COLD
0.097087379,0.029983108,0.033361486,0.028728348,0.032121724,COLD
0.088528678,0.033686837,0.025577043,0.041198502,0.039975016,COLD
0.090909091,0.045537341,0.036429872,0.03649635,0.054844607,COLD
0.094506793,0.031323877,0.03427896,0.029568303,0.029585799,COLD
0.101303912,0.027596588,0.035624686,0.029618474,0.039678553,COLD
0.099460293,0.027006173,0.033950617,0.033204633,0.040958269,COLD
0.102472232,0.027956989,0.036917563,0.029759771,0.039813486,COLD
0.092480149,0.041588785,0.041121495,0.046750818,0.031337699,COLD
0.086546027,0.040944882,0.042519685,0.066981875,0.022082019,COLD
0.084369449,0.048888889,0.032888889,0.036476868,0.037399822,COLD
0.09054326,0.026209677,0.040322581,0.016161616,0.050607287,COLD
0.100517369,0.032544379,0.038461538,0.031828275,0.045925926,COLD
0.097911227,0.035698737,0.039181541,0.037891986,0.042701525,COLD
0.086666667,0.043478261,0.040133779,0.033557047,0.013468013,COLD
0.090128755,0.042936883,0.032202662,0.051975945,0.031370864,COLD
0.093023256,0.041909197,0.032596042,0.041958042,0.04084014,COLD
0.09110021,0.019635344,0.028751753,0.025263158,0.056179775,COLD
0.093862816,0.037349398,0.046987952,0.039806996,0.048309179,COLD
0.088459285,0.025791325,0.043962485,0.034604106,0.04870892,COLD
0.091877497,0.03285968,0.042628774,0.035095513,0.041333333,COLD
0.098349381,0.041293875,0.030282175,0.041322314,0.024121296,COLD
0.093122738,0.041803818,0.036208032,0.041159039,0.031949934,COLD
0.085832472,0.059006211,0.027950311,0.125388601,0.017634855,COLD
0.098155468,0.036243822,0.039538715,0.029993408,0.03165183,COLD
0.087581345,0.04719284,0.032818009,0.049918611,0.032835821,COLD
0.097408027,0.025512338,0.036386449,0.030962343,0.04688154,COLD
0.081632653,0.027303754,0.030716724,0.030821918,0.017182131,COLD
0.065747614,0.023354565,0.030785563,0.021253985,0.069148936,COLD
0.090605627,0.033874046,0.040076336,0.03150358,0.037249284,COLD
0.088315217,0.029931973,0.05170068,0.032697548,0.058663029,COLD
0.106035889,0.039183673,0.039183673,0.032679739,0.040065413,COLD
0.077020202,0.04045512,0.0505689,0.043037975,0.043092522,COLD
0.08283671,0.02862254,0.035778175,0.036396181,0.051940299,COLD
0.103092784,0.017241379,0.031034483,0.038062284,0.034722222,COLD
0.094315245,0.031027796,0.036199095,0.029754204,0.04012945,COLD
0.104,0.034017009,0.030515258,0.051551552,0.035052579,COLD
0.085780081,0.039170507,0.040898618,0.037463977,0.043829296,COLD
0.085808581,0.016528926,0.033057851,0.021523179,0.03814262,COLD
0.085964912,0.033352838,0.038033938,0.031030445,0.049794962,COLD
0.106292517,0.019574468,0.024680851,0.030664395,0.032395567,COLD
0.076846307,0.045954046,0.053946054,0.055,0.051051051,COLD
0.092879257,0.026713124,0.030584592,0.03020914,0.039132119,COLD
0.099666667,0.023674558,0.037012337,0.031354236,0.0333667,COLD
0.097288676,0.04313099,0.044728435,0.0352,0.046474359,COLD
0.085959885,0.041606887,0.053084648,0.043103448,0.035971223,COLD
0.083639706,0.038638454,0.041398344,0.040515654,0.042396313,COLD
0.082089552,0.024299065,0.03364486,0.035580524,0.04315197,COLD
0.098025135,0.030172414,0.033764368,0.0337765,0.041696621,COLD
0.09439528,0.029774678,0.034871245,0.036758787,0.037305421,COLD
0.097122302,0.025191183,0.032388664,0.016651665,0.053129221,COLD
0.094674556,0.030263158,0.040131579,0.029624753,0.034255599,COLD
0.096288867,0.036126443,0.039638736,0.046686747,0.02913109,COLD
0.080614203,0.029449424,0.032650448,0.023702755,0.047435897,COLD
0.084066471,0.030332681,0.026418787,0.023506366,0.052941176,COLD
0.092963202,0.033580885,0.031320633,0.038436693,0.041357027,COLD
0.091803279,0.040341095,0.03902919,0.038385827,0.0315064,COLD
0.07606679,0.035315985,0.048327138,0.04283054,0.054104478,COLD
0.080851064,0.034671533,0.044403893,0.039561777,0.044457978,COLD
0.099442778,0.033447684,0.039451115,0.043758044,0.031330472,COLD
0.086594912,0.035731767,0.041605482,0.043095005,0.04066634,COLD
0.085889571,0.021538462,0.049230769,0.027777778,0.055727554,COLD
0.083572453,0.027987083,0.035880875,0.029791816,0.043806104,COLD
0.078613694,0.044397463,0.031712474,0.07106599,0.037663986,COLD
0.100626305,0.033834586,0.032163743,0.027998328,0.028010033,COLD
0.105428796,0.02992126,0.033858268,0.030732861,0.029179811,COLD
0.0825,0.01754386,0.022556391,0.020100503,0.052896725,COLD
0.092511013,0.03232917,0.038207201,0.033088235,0.047093451,COLD
0.09327984,0.032107023,0.037123746,0.046838407,0.036813922,COLD
0.097647897,0.034950071,0.033523538,0.044254104,0.033571429,COLD
0.100946372,0.047468354,0.037974684,0.063492063,0.038216561,COLD
0.090102389,0.023224044,0.036202186,0.030075188,0.044459644,COLD
0.084654502,0.032315978,0.042788749,0.03591739,0.040718563,COLD
0.082706767,0.027088036,0.048908954,0.035391566,0.04521477,COLD
0.072202166,0.032520325,0.041553749,0.037070524,0.058823529,COLD
0.085351788,0.026543566,0.033467975,0.026558891,0.049104564,COLD
0.08871851,0.033991228,0.041666667,0.048298573,0.043956044,COLD
0.089648799,0.033302498,0.042553191,0.042592593,0.036144578,COLD
0.078904992,0.014516129,0.019354839,0.01453958,0.066343042,COLD
0.080808081,0.037545126,0.036823105,0.031069364,0.029645698,COLD
0.075067024,0.056451613,0.051075269,0.043126685,0.037837838,COLD
0.094373866,0.035422343,0.046321526,0.03,0.051865332,COLD
0.096261682,0.032740879,0.028999065,0.041198502,0.053420806,COLD
0.089852008,0.024338624,0.02962963,0.030720339,0.043478261,COLD
0.089371981,0.031438936,0.032648126,0.035108959,0.050909091,COLD
0.086330935,0.044668588,0.04610951,0.04040404,0.050578035,COLD
0.086580087,0.028392685,0.042829644,0.033702455,0.036127168,COLD
0.099224806,0.028955533,0.033092037,0.028453182,0.033643892,COLD
0.081300813,0.028846154,0.045857988,0.034789045,0.052592593,COLD
0.094047619,0.022646007,0.042908224,0.020286396,0.053763441,COLD
0.087044534,0.032454361,0.032454361,0.022357724,0.034623218,COLD
0.085714286,0.033854167,0.041666667,0.020887728,0.039267016,COLD
0.099143758,0.030425963,0.036060401,0.029305681,0.036978579,COLD
0.092449923,0.026510481,0.036683107,0.032377428,0.041640962,COLD
0.092941999,0.044739602,0.038448095,0.062237762,0.028331584,COLD
0.097407148,0.035063114,0.035764376,0.035087719,0.035814607,COLD
0.103509551,0.028444444,0.025333333,0.032903513,0.033362989,COLD
0.107541899,0.036363636,0.029370629,0.028011204,0.042075736,COLD
0.107142857,0.019920319,0.047808765,0.028,0.032128514,COLD
0.083981337,0.045643154,0.039937759,0.051894136,0.034787124,COLD
0.075625364,0.036670547,0.050058207,0.041351194,0.058275058,COLD
0.076262084,0.029032258,0.04516129,0.030139935,0.043103448,COLD
0.083098592,0.02538787,0.039492243,0.024011299,0.046676096,COLD
0.077144502,0.037442396,0.045506912,0.046685879,0.043829296,COLD
0.083737024,0.022853186,0.03601108,0.029106029,0.037447989,COLD
0.081632653,0.024351925,0.036135114,0.025943396,0.040912667,COLD
0.091542289,0.033864542,0.03187251,0.034895314,0.030938124,COLD
0.079581994,0.038616251,0.051488335,0.036231884,0.034649476,COLD
0.087229588,0.032122905,0.045391061,0.030048917,0.051048951,COLD
0.088278932,0.043413729,0.037105751,0.058648849,0.025621983,COLD
0.06097561,0.036809816,0.049079755,0.049382716,0.02484472,COLD
0.092592593,0.031353919,0.035629454,0.027091255,0.038516405,COLD
0.086745927,0.041409692,0.041409692,0.055090348,0.033068783,COLD
0.085950984,0.037983425,0.037983425,0.047668394,0.043883898,COLD
0.06793049,0.045886076,0.053797468,0.050713154,0.041269841,COLD
0.085480094,0.025791325,0.024618992,0.026995305,0.039952996,COLD
0.093212237,0.027253168,0.032034425,0.029172645,0.041377661,COLD
0.082003302,0.030286344,0.036894273,0.028650138,0.046306505,COLD
0.098159509,0.04,0.030769231,0.046296296,0.027863777,COLD
0.067524116,0.032258065,0.048387097,0.042071197,0.045454545,COLD
0.083298451,0.025125628,0.0360134,0.030163385,0.059094719,COLD
0.084868933,0.059449637,0.045430945,0.089846793,0.02987013,COLD
0.082344731,0.038407821,0.036312849,0.044025157,0.029370629,COLD
0.096813725,0.025766871,0.028220859,0.030712531,0.035670357,COLD
0.098919368,0.034109817,0.039101498,0.039966694,0.0325,COLD
0.111880046,0.025389498,0.032890941,0.025404157,0.024841132,COLD
0.099613153,0.031945789,0.043562439,0.029069767,0.045586809,COLD
0.078490114,0.036570743,0.04676259,0.049190162,0.052821128,COLD
0.091898428,0.03569268,0.037507562,0.035108959,0.048455482,COLD
0.094567404,0.036290323,0.026209677,0.032323232,0.034412955,COLD
0.087613293,0.041330645,0.044354839,0.045408678,0.046464646,COLD
0.08122425,0.046525324,0.047114252,0.057159694,0.04009434,COLD
0.0889476,0.028193833,0.039647577,0.036139268,0.036155203,COLD
0.078973843,0.038751887,0.045294414,0.043303122,0.040806045,COLD
0.075709779,0.053797468,0.034810127,0.050793651,0.031847134,COLD
0.088,0.024048096,0.054108216,0.046184739,0.044265594,COLD
0.079905437,0.02743614,0.037369915,0.032654993,0.032670455,COLD
0.088607595,0.019027484,0.033826638,0.008474576,0.06581741,COLD
0.095063985,0.014652015,0.04029304,0.025688073,0.045955882,COLD
0.072879331,0.041866029,0.044258373,0.038323353,0.052757794,COLD
0.088235294,0.029451138,0.040160643,0.033512064,0.04966443,COLD
0.090560246,0.02764977,0.039170507,0.036126057,0.043846154,COLD
0.104204753,0.023809524,0.029304029,0.020183486,0.033088235,COLD
0.087565674,0.038596491,0.036842105,0.042179262,0.038732394,COLD
0.089995631,0.026660839,0.036713287,0.027547005,0.040244969,COLD
0.092273068,0.023273273,0.035285285,0.024793388,0.039849624,COLD
0.085637222,0.043859649,0.04925776,0.051316678,0.031756757,COLD
0.100289855,0.027262181,0.036542923,0.0342426,0.046457607,COLD
0.063253012,0.057401813,0.039274924,0.063636364,0.042553191,COLD
0.094485541,0.02892701,0.038345106,0.031628533,0.043756311,COLD
0.103685945,0.029976019,0.037170264,0.035082459,0.036292741,COLD
0.086247086,0.036151603,0.044314869,0.039673279,0.044366608,COLD
0.069199457,0.046843177,0.047522064,0.057065217,0.037389531,COLD
0.088992974,0.04076851,0.041237113,0.045007032,0.042682927,COLD
0.084306096,0.040882544,0.040882544,0.044155844,0.035737492,COLD
0.088512241,0.035795026,0.039562924,0.036939314,0.042232278,COLD
0.090671885,0.03002611,0.035900783,0.031352057,0.039215686,COLD
0.07538692,0.036963037,0.045954046,0.054972514,0.0535,COLD
0.096015676,0.025155178,0.034302516,0.031045752,0.039228506,COLD
0.097754293,0.032599119,0.031277533,0.033054209,0.036155203,COLD
0.079754601,0.055384615,0.027692308,0.040123457,0.034055728,COLD
0.086389062,0.033360961,0.036261915,0.035025907,0.030887231,COLD
0.076421249,0.039179104,0.047574627,0.0410831,0.037383178,COLD
0.077097506,0.05,0.045454545,0.050113895,0.0456621,COLD
0.092723005,0.028185555,0.039342337,0.029964747,0.039388595,COLD
0.09375,0.050880626,0.029354207,0.037254902,0.031434185,COLD
0.080882353,0.028319235,0.041191615,0.025386313,0.052999632,COLD
0.094202899,0.021818182,0.050909091,0.040145985,0.036630037,COLD
0.090525045,0.041062802,0.039251208,0.047129909,0.033252721,COLD
0.096085409,0.021390374,0.028520499,0.030357143,0.048300537,COLD
0.099009901,0.035410765,0.042492918,0.031205674,0.049715909,COLD
0.119205298,0.026578073,0.03986711,0.033333333,0.033444816,COLD
0.08500401,0.041733547,0.036918138,0.036947791,0.04340836,COLD
0.097329888,0.017241379,0.035344828,0.026747196,0.046632124,COLD
0.114395393,0.029953917,0.036482335,0.034191318,0.029592621,COLD
0.097938144,0.033591731,0.03875969,0.049222798,0.015584416,COLD
0.080691643,0.026011561,0.040462428,0.014492754,0.052325581,COLD
0.068345324,0.03963964,0.037837838,0.027075812,0.05244123,COLD
0.08871851,0.028508772,0.030701754,0.021953897,0.045054945,COLD
0.078807947,0.029158383,0.043074884,0.034482759,0.04246848,COLD
0.113762668,0.031066056,0.028449967,0.031076219,0.032722513,COLD
0.090490798,0.037591101,0.044112006,0.035686876,0.042226488,COLD
0.093959732,0.028790787,0.040307102,0.036503362,0.045192308,COLD
0.074324324,0.035835024,0.053414469,0.047361299,0.044008125,COLD
0.071428571,0.051282051,0.071794872,0.067010309,0.051813472,COLD
0.090663058,0.035230352,0.04200542,0.044776119,0.039402174,COLD
0.090909091,0.027027027,0.040540541,0.037288136,0.034013605,COLD
0.086363636,0.025796662,0.030349014,0.024316109,0.04718417,COLD
0.091072499,0.058752998,0.043165468,0.082183563,0.028811525,COLD
0.084464555,0.046827795,0.049848943,0.045385779,0.05,COLD
0.07828089,0.043010753,0.040706605,0.039969254,0.043846154,COLD
0.101265823,0.033590308,0.033590308,0.03415978,0.036383682,COLD
0.085685228,0.035096643,0.034842319,0.041210888,0.040712468,COLD
0.080217539,0.028571429,0.040136054,0.044247788,0.061307902,COLD
0.100719424,0.029584222,0.03358209,0.029325513,0.033066667,COLD
0.074626866,0.065868263,0.071856287,0.078078078,0.03313253,COLD
0.09370352,0.03422619,0.035714286,0.03325062,0.039225422,COLD
0.100286533,0.032998565,0.038737446,0.030172414,0.028776978,COLD
0.098269896,0.031163435,0.039473684,0.023562024,0.030513176,COLD
0.090757238,0.030640669,0.036211699,0.033444816,0.045175683,COLD
0.076433121,0.05106383,0.055319149,0.053304904,0.051282051,COLD
0.086661643,0.020361991,0.038461538,0.030943396,0.043806647,COLD
0.091246903,0.031805039,0.035109459,0.033057851,0.046713518,COLD
0.091924399,0.041272571,0.031814273,0.048192771,0.035314384,COLD
0.082589286,0.034996277,0.03648548,0.026080477,0.047725578,COLD
0.09122807,0.038732394,0.045774648,0.053003534,0.046099291,COLD
0.080664294,0.027315914,0.054631829,0.014268728,0.057142857,COLD
0.081048868,0.034585569,0.03875969,0.035799523,0.040597015,COLD
0.079074253,0.036679537,0.057915058,0.033816425,0.052224371,COLD
0.095087163,0.026169707,0.036478985,0.035714286,0.037331215,COLD
0.084075173,0.021782178,0.045544554,0.030723489,0.048611111,COLD
0.085714286,0.054441261,0.031518625,0.066091954,0.011527378,COLD
0.09945184,0.032131661,0.030564263,0.039215686,0.027472527,COLD
0.093147752,0.017148982,0.035369775,0.028969957,0.038668099,COLD
0.089874858,0.033383915,0.04552352,0.039089184,0.040242976,COLD
0.085304659,0.030129125,0.046628407,0.035175879,0.048132184,COLD
0.08490566,0.024986119,0.037756802,0.032777778,0.033907727,COLD
0.092874543,0.040207128,0.037770332,0.034125533,0.032307223,COLD
0.091756272,0.037302726,0.044476327,0.048097631,0.045977011,COLD
0.110344828,0.029360967,0.03626943,0.022491349,0.046793761,COLD
0.092905405,0.042301184,0.049069374,0.037288136,0.039049236,COLD
0.098181818,0.030965392,0.027322404,0.02919708,0.060329068,COLD
0.092867982,0.037947784,0.037037037,0.052232007,0.030984204,COLD
0.095696489,0.031728045,0.029461756,0.053287982,0.023255814,COLD
0.099115044,0.019503546,0.039007092,0.024866785,0.016014235,COLD
0.088139604,0.035798817,0.040236686,0.036105357,0.039076377,COLD
0.088435374,0.04778157,0.034129693,0.04109589,0.041237113,COLD
0.088302752,0.030998852,0.037887486,0.045977011,0.027617952,COLD
0.10184944,0.03517457,0.029181866,0.038311181,0.02632951,COLD
0.092354277,0.028030303,0.035606061,0.031842305,0.043247344,COLD
0.110465116,0.030067895,0.043646945,0.032038835,0.029154519,COLD
0.085693537,0.043604651,0.044331395,0.058181818,0.037845706,COLD
0.097633136,0.035538006,0.038499506,0.031620553,0.044510386,COLD
0.082490687,0.030883919,0.044728435,0.032498668,0.05010661,COLD
0.103392569,0.020210186,0.042037187,0.017799353,0.03805668,COLD
0.108137045,0.01607717,0.038585209,0.020386266,0.03329753,COLD
0.101694915,0.029554264,0.036337209,0.031507513,0.031522793,COLD
0.092576029,0.036241611,0.042505593,0.038048344,0.037169727,COLD
0.096517413,0.040836653,0.041832669,0.032901296,0.028942116,COLD
0.072303922,0.029447853,0.03803681,0.030712531,0.057810578,COLD
0.092767296,0.012598425,0.02992126,0.020504732,0.037914692,COLD
0.090909091,0.021582734,0.043165468,0.014423077,0.062650602,COLD
0.090208173,0.040895062,0.045524691,0.04015444,0.044049459,COLD
0.101488498,0.027100271,0.025745257,0.02578019,0.029891304,COLD
0.087810514,0.03699422,0.04566474,0.047426258,0.045138889,COLD
0.093989373,0.030848861,0.035679779,0.031955276,0.037341248,COLD
0.094007051,0.025867137,0.037037037,0.028235294,0.03472631,COLD
0.087986464,0.038103302,0.044030483,0.043220339,0.030534351,COLD
0.105027933,0.034097261,0.031861375,0.033557047,0.03469502,COLD
0.085805934,0.036918138,0.038523274,0.042570281,0.033762058,COLD
0.088180113,0.026315789,0.033834586,0.028248588,0.039622642,COLD
0.110435664,0.026369168,0.03346856,0.029441624,0.044715447,COLD
0.096951891,0.031227039,0.031961793,0.041161338,0.036764706,COLD
0.086760563,0.032694476,0.037767756,0.031584884,0.045711061,COLD
0.082587065,0.034860558,0.046812749,0.034895314,0.053892216,COLD
0.075,0.046113307,0.039525692,0.058047493,0.030383091,COLD
0.088426528,0.0234375,0.033854167,0.022164276,0.04308094,COLD
0.062337662,0.046875,0.041666667,0.075718016,0.047120419,COLD
0.096002518,0.029911839,0.031171285,0.029606299,0.043163201,COLD
0.083333333,0.033005211,0.038216561,0.037079954,0.042318841,COLD
0.087219344,0.021607606,0.037165082,0.028546713,0.035497835,COLD
0.096118299,0.028677151,0.035152636,0.033333333,0.03892493,COLD
0.098214286,0.033519553,0.034636872,0.033557047,0.022396417,COLD
0.081315669,0.039305302,0.040676417,0.033379058,0.040256176,COLD
0.090712743,0.03962536,0.03962536,0.036049027,0.04040404,COLD
0.094668118,0.035947712,0.031590414,0.026172301,0.057860262,COLD
0.082882132,0.033333333,0.040416667,0.045852439,0.045454545,COLD
0.091660924,0.029655172,0.031724138,0.022084196,0.049033149,COLD
0.088923557,0.027322404,0.037470726,0.03671875,0.042220485,COLD
0.088,0.035017509,0.03801901,0.040540541,0.047070606,COLD
0.096685083,0.033240997,0.041551247,0.047222222,0.033426184,COLD
0.085951393,0.038552788,0.039739027,0.039762611,0.039192399,COLD
0.090699018,0.047976879,0.039884393,0.054945055,0.028935185,COLD
0.086769231,0.035098522,0.035098522,0.044362292,0.041923551,COLD
0.095,0.025012506,0.03801901,0.025525526,0.04456685,COLD
0.097858198,0.032508312,0.038788327,0.027346637,0.044731978,COLD
0.1075,0.022556391,0.042606516,0.042713568,0.037783375,COLD
0.085285848,0.021875,0.03875,0.038136918,0.035959975,COLD
0.120234604,0.023529412,0.026470588,0.017699115,0.047337278,COLD
0.077777778,0.050470488,0.04704876,0.059075342,0.040274207,COLD
0.085665818,0.017826825,0.037351443,0.024638912,0.053571429,COLD
0.078728236,0.034848485,0.034090909,0.029567854,0.049317147,COLD
0.101357466,0.031702899,0.032608696,0.034451496,0.041742287,COLD
0.058295964,0.022522523,0.040540541,0.031674208,0.022727273,COLD
0.08676307,0.028953229,0.038975501,0.034559643,0.0546875,COLD
0.095022624,0.046827795,0.045317221,0.046898638,0.033333333,COLD
0.086120401,0.032204099,0.038895859,0.033472803,0.045625785,COLD
0.089314195,0.012779553,0.046325879,0.024,0.051282051,COLD
0.102418208,0.036053131,0.030834915,0.035595634,0.031339031,COLD
0.088322466,0.027283511,0.042111507,0.03264095,0.052850356,COLD
0.080543272,0.032543444,0.041706161,0.033817952,0.052797977,COLD
0.097115951,0.022968198,0.040636042,0.032410136,0.041273585,COLD
0.103367267,0.031347962,0.036833856,0.032156863,0.029042386,COLD
0.09592145,0.031746032,0.03250189,0.033282905,0.046177139,COLD
0.078988942,0.025316456,0.044303797,0.019017433,0.046031746,COLD
0.088992974,0.038686987,0.032825322,0.035211268,0.03172738,COLD
0.087272727,0.02184466,0.041262136,0.020656136,0.045012165,COLD
0.116719243,0.034810127,0.022151899,0.034920635,0.022292994,COLD
0.087073609,0.037735849,0.054806828,0.037769784,0.04320432,COLD
0.083200848,0.030752916,0.034464475,0.029708223,0.042462845,COLD
0.095977011,0.023001725,0.033927545,0.023590334,0.042602188,COLD
0.086583463,0.026541764,0.040593286,0.0328125,0.050820954,COLD
0.082685905,0.031093837,0.033314825,0.028888889,0.04446915,COLD
0.089871612,0.044285714,0.042857143,0.035765379,0.050143266,COLD
0.081881533,0.045375218,0.05061082,0.031468531,0.049036778,COLD
0.075562701,0.034593725,0.043443282,0.044283414,0.051571313,COLD
0.098466981,0.02359882,0.028908555,0.019480519,0.033668045,COLD
0.1125,0.027568922,0.042606516,0.032663317,0.022670025,COLD
0.096385542,0.025108805,0.036826247,0.033489618,0.037520938,COLD
0.099616858,0.027311931,0.031624341,0.023969319,0.04028777,COLD
0.088868941,0.02425876,0.028751123,0.032374101,0.04860486,COLD
0.086132644,0.032758621,0.053448276,0.033649698,0.035405872,COLD
0.091560102,0.026612078,0.034800409,0.032770097,0.02920082,COLD
0.101711984,0.030241935,0.032258065,0.045408678,0.046464646,COLD
0.095969846,0.026682135,0.036832947,0.030751378,0.04178758,COLD
0.09919571,0.028169014,0.032193159,0.030201342,0.0402955,COLD
0.086998088,0.03923445,0.027751196,0.035440613,0.040268456,COLD
0.089595376,0.036144578,0.035662651,0.034233365,0.037626628,COLD
0.087353325,0.039130435,0.043478261,0.043932144,0.040905135,COLD
0.076530612,0.061538462,0.061538462,0.051546392,0.03626943,COLD
0.117161716,0.023140496,0.031404959,0.024834437,0.03814262,COLD
0.073170732,0.028571429,0.032653061,0.020491803,0.065843621,COLD
0.079508197,0.01804758,0.04511895,0.02955665,0.05505341,COLD
0.101828967,0.036597428,0.039070227,0.043047996,0.031683168,COLD
0.106730769,0.035611165,0.026948989,0.032755299,0.029893925,COLD
0.108747045,0.014218009,0.018957346,0.014251781,0.052380952,COLD
0.102973813,0.03330373,0.03330373,0.03553976,0.039111111,COLD
0.099808061,0.024327785,0.035211268,0.02690583,0.051923077,COLD
0.104247104,0.02704443,0.03605924,0.030283505,0.038039974,COLD
0.098471223,0.027890238,0.030589294,0.01890189,0.033768573,COLD
0.081339713,0.030520646,0.042489527,0.040718563,0.047932894,COLD
0.109461967,0.027881041,0.037174721,0.027932961,0.035447761,COLD
0.086229086,0.034127495,0.043142305,0.034149485,0.044487427,COLD
0.103340292,0.039707419,0.032392894,0.027196653,0.037696335,COLD
0.07120743,0.040372671,0.059006211,0.052959502,0.028125,COLD
0.085714286,0.054441261,0.034383954,0.048850575,0.034582133,COLD
0.090386825,0.029501916,0.038314176,0.036412419,0.044478528,COLD
0.082891079,0.038422649,0.040444894,0.043489254,0.036671725,COLD
0.08852459,0.019736842,0.032894737,0.02310231,0.049668874,COLD
0.096774194,0.039325843,0.043539326,0.05625879,0.03943662,COLD
0.074224413,0.05800464,0.05075406,0.080359733,0.037724898,COLD
0.09707385,0.028810409,0.037174721,0.033007903,0.027906977,COLD
0.088077336,0.031182796,0.033333333,0.026910657,0.051724138,COLD
0.09972041,0.031716418,0.041044776,0.045751634,0.041121495,COLD
0.084033613,0.026936027,0.043771044,0.032040472,0.048986486,COLD
0.096825397,0.039745628,0.033386328,0.02388535,0.039872408,COLD
0.09884042,0.03038674,0.03038674,0.030956329,0.04590708,COLD
0.081939799,0.035175879,0.033500838,0.033557047,0.058823529,COLD
0.067599068,0.051401869,0.046728972,0.049180328,0.042253521,COLD
0.067039106,0.04494382,0.028089888,0.039548023,0.045454545,COLD
0.06938326,0.067254686,0.042998897,0.058498896,0.027624309,COLD
0.085091899,0.039155601,0.040517535,0.046662125,0.034412266,COLD
0.082755432,0.032138728,0.036531792,0.039315449,0.039093222,COLD
0.078239609,0.036764706,0.051470588,0.081081081,0.036945813,COLD
0.088715953,0.034267913,0.034267913,0.046765394,0.034321373,COLD
0.101910828,0.039840637,0.034262948,0.034290271,0.027134876,COLD
0.083854819,0.028177833,0.031934878,0.037593985,0.036990596,COLD
0.078817734,0.02962963,0.049382716,0.02970297,0.052109181,COLD
0.113948919,0.015727392,0.030144168,0.024918033,0.041338583,COLD
0.090547264,0.046812749,0.035856574,0.061814556,0.022954092,COLD
0.075471698,0.036523929,0.036523929,0.031525851,0.023989899,COLD
0.082568807,0.036745407,0.023622047,0.040735874,0.063157895,COLD
0.089478859,0.021653543,0.040354331,0.032512315,0.039447732,COLD
0.085487078,0.033864542,0.033864542,0.031936128,0.052,COLD
0.097101449,0.028509302,0.035032617,0.029241179,0.033840948,COLD
0.091793313,0.02736394,0.038309517,0.031326034,0.035898996,COLD
0.076214405,0.042749371,0.048616932,0.036073826,0.051217464,COLD
0.094063223,0.022376543,0.037037037,0.031660232,0.047140649,COLD
0.09390681,0.023672884,0.035868006,0.029432879,0.039511494,COLD
0.115976331,0.02723505,0.034339846,0.028436019,0.038529935,COLD
0.099354045,0.021538462,0.034769231,0.025546322,0.038793103,COLD
0.094,0.04008016,0.034068136,0.060240964,0.016096579,COLD
0.088477366,0.022657055,0.039134912,0.016494845,0.060887513,COLD
0.089992801,0.033861671,0.036743516,0.037490988,0.038239538,COLD
0.107093185,0.025069638,0.050139276,0.026499303,0.032122905,COLD
0.087218045,0.028592927,0.042136945,0.033885542,0.050489827,COLD
0.085855032,0.030985915,0.032394366,0.031712474,0.03596615,COLD
0.093301435,0.019184652,0.03117506,0.021634615,0.053012048,COLD
0.086956522,0.030286344,0.032488987,0.027548209,0.037486218,COLD
0.087145969,0.029796512,0.03997093,0.026909091,0.053129549,COLD
0.103448276,0.034567901,0.034567901,0.051980198,0.029776675,COLD
0.090301003,0.021775544,0.045226131,0.030201342,0.038655462,COLD
0.092801388,0.028645833,0.040798611,0.019113814,0.046956522,COLD
0.10042324,0.030023095,0.033102386,0.033115133,0.038520801,COLD
0.091806515,0.02617284,0.03654321,0.03458498,0.037073653,COLD
0.090328467,0.037425833,0.036056595,0.035159817,0.049337597,COLD
0.084325397,0.032770606,0.055610725,0.039761431,0.03880597,COLD
0.118764846,0.045238095,0.033333333,0.042959427,0.0215311,COLD
0.098188194,0.027477346,0.031277404,0.027777778,0.036267915,COLD
0.084427767,0.02443609,0.046992481,0.020715631,0.049056604,COLD
0.089807555,0.039942939,0.039942939,0.040685225,0.034285714,COLD
0.091860465,0.029103609,0.044237485,0.024475524,0.05134189,COLD
0.099179717,0.026865672,0.041791045,0.034353996,0.045590433,COLD
0.097909408,0.035901011,0.04182642,0.035564854,0.030694105,COLD
0.090084251,0.054132901,0.046029173,0.064202335,0.036328252,COLD
0.074766355,0.051643192,0.037558685,0.028301887,0.042654028,COLD
0.106986028,0.024955081,0.035336394,0.030551118,0.031156381,COLD
0.068814056,0.048387097,0.052785924,0.042584435,0.058823529,COLD
0.100907029,0.027793534,0.031196824,0.021566402,0.033503691,COLD
0.090363705,0.032258065,0.034508627,0.037148218,0.041666667,COLD
0.082945014,0.032649254,0.038246269,0.032679739,0.040186916,COLD
0.104786546,0.026528632,0.038822388,0.033009709,0.039494982,COLD
0.096054889,0.060137457,0.036082474,0.04130809,0.024137931,COLD
0.100609756,0.032036613,0.040427155,0.036641221,0.035905271,COLD
0.082360571,0.027903958,0.031797534,0.032467532,0.044834308,COLD
0.08,0.036076663,0.043968433,0.035532995,0.048532731,COLD
0.093333333,0.030859049,0.033361134,0.035058431,0.043441938,COLD
0.091588785,0.033676333,0.043966324,0.040262172,0.041237113,COLD
0.08,0.029748284,0.050343249,0.041237113,0.042431193,COLD
0.096733668,0.037712131,0.037712131,0.037106918,0.037759597,COLD
0.085605234,0.050190944,0.036006547,0.04639738,0.028399782,COLD
0.082469954,0.043946932,0.039800995,0.05350477,0.041908714,COLD
0.081154193,0.028416779,0.034731619,0.032942238,0.045598194,COLD
0.091414453,0.033374536,0.040173053,0.035250464,0.053836634,COLD
0.087044534,0.040567951,0.044624746,0.040650407,0.034623218,COLD
0.10139165,0.019920319,0.037848606,0.033932136,0.026,COLD
0.085257549,0.050666667,0.035555556,0.048932384,0.03205699,COLD
0.087579618,0.031075697,0.038247012,0.035885167,0.037509976,COLD
0.0933687,0.032377919,0.030785563,0.035581519,0.034006376,COLD
0.09458578,0.031984334,0.032637076,0.028739386,0.046405229,COLD
0.08034084,0.035322777,0.040803898,0.032906764,0.025,COLD
0.085946574,0.033120279,0.037768739,0.038953488,0.040139616,COLD
0.094473745,0.044266055,0.037155963,0.05528791,0.032124828,COLD
0.088715401,0.0234375,0.03125,0.029140014,0.044096728,COLD
0.093908629,0.043256997,0.038167939,0.038265306,0.035805627,COLD
0.091891892,0.03030303,0.038961039,0.030335861,0.03362256,COLD
0.080078125,0.02739726,0.046966732,0.041176471,0.049115914,COLD
0.080783354,0.038579302,0.04837722,0.030637255,0.045984059,COLD
0.076721883,0.043630017,0.046247818,0.045414847,0.050699301,COLD
0.081956378,0.058862434,0.03042328,0.061548643,0.033774834,COLD
0.088896125,0.053094463,0.040390879,0.073965461,0.028683181,COLD
0.081770833,0.02970297,0.041688379,0.035453597,0.050599896,COLD
0.082468596,0.025136612,0.037704918,0.030071077,0.033916849,COLD
0.06875,0.068965517,0.034482759,0.08490566,0.031545741,COLD
0.087053571,0.03648548,0.0454207,0.037257824,0.039522744,COLD
0.098144183,0.034630489,0.034273474,0.036428571,0.041086102,COLD
0.098284781,0.037581699,0.034041394,0.034323073,0.037874659,COLD
0.101570681,0.029350105,0.029350105,0.027282267,0.045168067,COLD
0.088165959,0.041509434,0.037735849,0.041529023,0.034938621,COLD
0.094988345,0.039650146,0.041399417,0.038506418,0.039696439,COLD
0.098536585,0.034163006,0.032210835,0.034179688,0.034684905,COLD
0.083007048,0.030564263,0.039968652,0.021176471,0.06122449,COLD
0.094247246,0.039804042,0.041028781,0.075367647,0.020846107,COLD
0.091656874,0.034685479,0.042915932,0.042352941,0.040023543,COLD
0.098901099,0.032258065,0.041788856,0.029347029,0.041116006,COLD
0.091328413,0.031379788,0.039686202,0.032779317,0.052193995,COLD
0.079194631,0.047043011,0.045698925,0.041722746,0.055256065,COLD
0.103092784,0.033591731,0.036175711,0.038860104,0.05974026,COLD
0.090765588,0.02921437,0.038689301,0.039494471,0.043461083,COLD
0.070006423,0.034061697,0.041131105,0.039228296,0.045688546,COLD
0.0918429,0.031731641,0.031127229,0.028415961,0.036891442,COLD
0.092957746,0.030056356,0.036631183,0.029752584,0.044486216,COLD
0.09439834,0.037383178,0.035306334,0.043659044,0.042663892,COLD
0.09178744,0.018137848,0.029020556,0.020581114,0.050909091,COLD
0.100203114,0.024390244,0.039295393,0.033220339,0.042740841,COLD
0.076250993,0.039745628,0.038155803,0.043754972,0.031050955,COLD
0.088344469,0.042347697,0.039375929,0.057992565,0.037946429,COLD
0.102969046,0.028436019,0.034755134,0.030973451,0.035725577,COLD
0.100519931,0.024305556,0.032986111,0.026086957,0.024390244,COLD
0.084427767,0.035714286,0.031954887,0.035781544,0.032075472,COLD
0.076923077,0.044776119,0.037706206,0.051100629,0.040912667,COLD
0.106503299,0.027358491,0.040566038,0.030217186,0.040642722,COLD
0.091155235,0.025293586,0.037037037,0.03164557,0.060633484,COLD
0.096504956,0.044363257,0.037056367,0.059530026,0.029780564,COLD
0.101397349,0.027240143,0.032616487,0.028684116,0.032998565,COLD
0.074183976,0.023774146,0.037147103,0.022321429,0.044709389,COLD
0.091225627,0.045296167,0.036933798,0.042538354,0.045359386,COLD
0.098859316,0.026649746,0.032994924,0.030495553,0.041984733,COLD
0.077586207,0.03030303,0.051948052,0.069565217,0.043668122,COLD
0.101190476,0.043694141,0.041708044,0.028827038,0.047761194,COLD
0.08025177,0.040944882,0.048818898,0.038613081,0.052839117,COLD
0.084874864,0.032679739,0.037037037,0.029443839,0.044759825,COLD
0.085147745,0.052508751,0.034227927,0.069649805,0.029972752,COLD
0.099888703,0.024492068,0.035624826,0.031458797,0.033416876,COLD
0.078671329,0.040244969,0.036745407,0.04290718,0.044697634,COLD
0.076763485,0.048805815,0.041536864,0.062370062,0.023933403,COLD
0.093659104,0.034342258,0.033178114,0.033197437,0.041375291,COLD
0.083578576,0.028857479,0.037102473,0.02946376,0.050707547,COLD
0.1,0.034289713,0.037088873,0.034313725,0.033637001,COLD
0.100209497,0.028641285,0.031435557,0.031795947,0.038448095,COLD
0.077059345,0.031914894,0.034574468,0.04880213,0.039964476,COLD
0.099202834,0.054078014,0.028368794,0.045252884,0.024866785,COLD
0.086264101,0.028552457,0.034528552,0.03654485,0.03125,COLD
0.103132162,0.029816514,0.035932722,0.030604438,0.039816233,COLD
0.10234648,0.040959041,0.03046953,0.048975512,0.0245,COLD
0.076013514,0.030456853,0.043993232,0.040677966,0.049235993,COLD
0.100234192,0.033739456,0.032333646,0.033286451,0.02532833,COLD
0.104956268,0.023346304,0.035019455,0.020447907,0.033138402,COLD
0.090168703,0.039580908,0.034342258,0.038439138,0.032051282,COLD
0.083555082,0.038338658,0.041001065,0.038891849,0.045309168,COLD
0.092689295,0.042228994,0.032651284,0.038327526,0.038779956,COLD
0.079194368,0.045374535,0.03716018,0.05086072,0.03776169,COLD
0.097915351,0.048672566,0.042983565,0.051233397,0.034810127,COLD
0.088328076,0.022151899,0.037974684,0.044444444,0.031847134,COLD
0.096983582,0.04316272,0.045454545,0.047764616,0.038990826,COLD
0.077747989,0.051075269,0.034946237,0.043126685,0.035135135,COLD
0.097005208,0.042996743,0.040390879,0.047588005,0.03196347,COLD
0.099224806,0.027950311,0.032608696,0.041990669,0.043613707,COLD
0.099706745,0.023529412,0.038235294,0.032448378,0.023668639,COLD
0.080113101,0.032075472,0.043396226,0.040604344,0.051984877,COLD
0.076252723,0.013100437,0.043668122,0.01750547,0.048245614,COLD
0.09382716,0.030902349,0.024721879,0.01980198,0.045848823,COLD
0.080128205,0.028892456,0.052969502,0.040192926,0.049919485,COLD
0.091954023,0.050182959,0.037637219,0.062238494,0.028780743,COLD
0.084247649,0.05252842,0.036848295,0.051764706,0.035307964,COLD
0.09039548,0.037141704,0.040371417,0.040791599,0.035151515,COLD
0.096914385,0.031304348,0.037826087,0.026533275,0.04743255,COLD
0.075621891,0.027888446,0.047808765,0.039880359,0.03992016,COLD
0.089848308,0.029205607,0.028037383,0.026900585,0.023419204,COLD
0.094545455,0.026699029,0.024271845,0.036452005,0.04136253,COLD
0.094722598,0.020325203,0.048780488,0.021709634,0.055706522,COLD
0.085106383,0.027218935,0.050887574,0.037914692,0.058125741,COLD
0.087384615,0.049876847,0.036945813,0.05237215,0.035758323,COLD
0.077731092,0.030494217,0.039957939,0.026315789,0.051633298,COLD
0.087030717,0.025641026,0.034188034,0.025684932,0.037735849,COLD
0.092146851,0.036235409,0.036964981,0.03989297,0.037226277,COLD
0.07367829,0.038266742,0.047270681,0.039414414,0.044507042,COLD
0.085424453,0.030982906,0.044871795,0.036878675,0.039572193,COLD
0.089494163,0.030589544,0.041713014,0.035058431,0.038975501,COLD
0.084792123,0.036124795,0.037766831,0.037239869,0.041643836,COLD
0.099541585,0.028178244,0.036697248,0.02295082,0.049868766,COLD
0.087642419,0.021929825,0.040350877,0.021071115,0.043057996,COLD
0.095274981,0.03875969,0.052713178,0.037238169,0.042701863,COLD
0.091792657,0.021069692,0.035656402,0.024324324,0.043807463,COLD
0.085064293,0.034653465,0.044554455,0.029732408,0.03968254,COLD
0.086847074,0.050377834,0.031486146,0.047258979,0.030895334,COLD
0.082872928,0.041551247,0.038781163,0.047222222,0.033426184,COLD
0.083890747,0.038193476,0.039866183,0.031232571,0.047140865,COLD
0.07750953,0.050890585,0.050890585,0.031847134,0.043367347,COLD
0.06043956,0.063360882,0.027548209,0.121546961,0.005540166,COLD
0.097003155,0.040252565,0.036306235,0.044233807,0.029249012,COLD
0.096219931,0.017241379,0.048275862,0.038062284,0.034722222,COLD
0.082148499,0.033227848,0.047468354,0.04437401,0.038095238,COLD
0.094349973,0.025246981,0.043907794,0.025809995,0.043956044,COLD
0.088467615,0.031085353,0.039515279,0.035318925,0.035337553,COLD
0.096610169,0.036456125,0.032217041,0.029262087,0.035214255,COLD
0.095072647,0.033175355,0.036650869,0.029709229,0.044577932,COLD
0.094546881,0.03610675,0.033359498,0.03494307,0.032207384,COLD
0.089517079,0.03622975,0.0365243,0.03800825,0.038903625,COLD
0.096601756,0.043544691,0.035905271,0.049293084,0.027140673,COLD
0.066577896,0.053333333,0.050666667,0.073431242,0.04144385,COLD
0.10042735,0.023554604,0.034261242,0.025751073,0.055913978,COLD
0.0946854,0.036674817,0.027506112,0.037308869,0.026315789,COLD
0.094667466,0.033573141,0.035971223,0.033593281,0.037815126,COLD
0.096969697,0.011265165,0.031195841,0.020815265,0.049479167,COLD
0.104575163,0.024852845,0.034009156,0.030104712,0.028814669,COLD
0.100937919,0.027703307,0.032171582,0.032185963,0.03667263,COLD
0.103465347,0.028727093,0.024764735,0.024281467,0.038671294,COLD
0.098439376,0.030630631,0.031231231,0.030048077,0.03728202,COLD
0.083333333,0.026221692,0.036948749,0.023866348,0.034647551,COLD
0.099560761,0.017595308,0.038123167,0.026431718,0.044117647,COLD
0.077142857,0.045845272,0.037249284,0.031609195,0.034582133,COLD
0.093824228,0.035056447,0.038027332,0.031510107,0.045806068,COLD
0.084175084,0.043918919,0.054054054,0.044067797,0.027210884,COLD
0.086544742,0.028422084,0.032669062,0.029084967,0.035959464,COLD
0.090493601,0.018298262,0.03568161,0.022893773,0.047662695,COLD
0.092695709,0.024246396,0.032437746,0.023926581,0.045245902,COLD
